,audienceScore,tomatoMeter,boxOffice
audienceScore,1.0,0.6392335093496959,0.08156687119641025
tomatoMeter,0.6392335093496959,1.0,-0.007389732900618706
boxOffice,0.08156687119641025,-0.007389732900618706,1.0
