,audienceScore,tomatoMeter,boxOffice
audienceScore,1.0,0.582612907483893,-0.09016696913530978
tomatoMeter,0.582612907483893,1.0,-0.24415258620083366
boxOffice,-0.09016696913530978,-0.24415258620083366,1.0
